{"cameraMode":{"drawMode":0,"name":"Shaded","section":"Shading Mode"},"sceneLighting":false,"audioPlay":false,"sceneViewState":{"m_AlwaysRefresh":false,"showFog":true,"showSkybox":false,"showFlares":true,"showImageEffects":true,"showParticleSystems":true,"showVisualEffectGraphs":true,"m_FxEnabled":true},"in2DMode":false,"pivot":{"x":16.16977310180664,"y":1.4417935609817505,"z":34.786556243896487},"rotation":{"x":-0.00927545316517353,"y":0.9844032526016235,"z":-0.05469060316681862,"w":-0.1669534295797348},"size":0.8660253882408142,"orthographic":false}