{"cameraMode":{"drawMode":0,"name":"Shaded","section":"Shading Mode"},"sceneLighting":false,"audioPlay":false,"sceneViewState":{"m_AlwaysRefresh":false,"showFog":true,"showSkybox":false,"showFlares":true,"showImageEffects":true,"showParticleSystems":true,"showVisualEffectGraphs":true,"m_FxEnabled":true},"in2DMode":false,"pivot":{"x":9.420000076293946,"y":1.0299999713897706,"z":15.479999542236329},"rotation":{"x":-0.49966347217559817,"y":-0.0031211678870022299,"z":0.0017997099785134197,"w":-0.866219699382782},"size":1.7320507764816285,"orthographic":false}