{"cameraMode":{"drawMode":0,"name":"Shaded","section":"Shading Mode"},"sceneLighting":true,"audioPlay":false,"sceneViewState":{"m_AlwaysRefresh":false,"showFog":true,"showSkybox":true,"showFlares":true,"showImageEffects":true,"showParticleSystems":true,"showVisualEffectGraphs":true,"m_FxEnabled":true},"in2DMode":false,"pivot":{"x":-2.7582321166992189,"y":2.2579052448272707,"z":0.8527252078056336},"rotation":{"x":-0.13095861673355103,"y":-0.8439719080924988,"z":0.23931927978992463,"w":-0.46183204650878909},"size":2.4197845458984377,"orthographic":false}