{"cameraMode":{"drawMode":0,"name":"Shaded","section":"Shading Mode"},"sceneLighting":true,"audioPlay":false,"sceneViewState":{"m_AlwaysRefresh":false,"showFog":true,"showSkybox":true,"showFlares":true,"showImageEffects":true,"showParticleSystems":true,"showVisualEffectGraphs":true,"m_FxEnabled":true},"in2DMode":false,"pivot":{"x":39.201316833496097,"y":0.32474517822265627,"z":29.446422576904298},"rotation":{"x":0.3272506594657898,"y":-0.0340595543384552,"z":0.011796686798334122,"w":0.9444295763969421},"size":27.7196102142334,"orthographic":false}