{"cameraMode":{"drawMode":0,"name":"Shaded","section":"Shading Mode"},"sceneLighting":false,"audioPlay":false,"sceneViewState":{"m_AlwaysRefresh":false,"showFog":true,"showSkybox":false,"showFlares":true,"showImageEffects":true,"showParticleSystems":true,"showVisualEffectGraphs":true,"m_FxEnabled":true},"in2DMode":false,"pivot":{"x":25.781930923461915,"y":1.8400001525878907,"z":31.90999984741211},"rotation":{"x":-0.30877813696861269,"y":-0.03453141450881958,"z":0.011177323758602143,"w":-0.9504777193069458},"size":0.4330127239227295,"orthographic":false}