{"cameraMode":{"drawMode":0,"name":"Shaded","section":"Shading Mode"},"sceneLighting":false,"audioPlay":false,"sceneViewState":{"m_AlwaysRefresh":false,"showFog":true,"showSkybox":false,"showFlares":true,"showImageEffects":true,"showParticleSystems":true,"showVisualEffectGraphs":true,"m_FxEnabled":true},"in2DMode":false,"pivot":{"x":-1.133000373840332,"y":2.4699997901916506,"z":0.28000134229660036},"rotation":{"x":-0.24632450938224793,"y":0.6890100240707398,"z":-0.27147042751312258,"w":-0.6254523396492004},"size":0.6116161942481995,"orthographic":false}