{"cameraMode":{"drawMode":0,"name":"Shaded","section":"Shading Mode"},"sceneLighting":false,"audioPlay":false,"sceneViewState":{"m_AlwaysRefresh":false,"showFog":true,"showSkybox":false,"showFlares":true,"showImageEffects":true,"showParticleSystems":true,"showVisualEffectGraphs":true,"m_FxEnabled":true},"in2DMode":false,"pivot":{"x":15.63226318359375,"y":2.9096970558166506,"z":48.034637451171878},"rotation":{"x":0.31246107816696169,"y":0.15349559485912324,"z":-0.05132880434393883,"w":0.9361515641212463},"size":5.577558517456055,"orthographic":false}