{"cameraMode":{"drawMode":0,"name":"Shaded","section":"Shading Mode"},"sceneLighting":true,"audioPlay":false,"sceneViewState":{"m_AlwaysRefresh":false,"showFog":true,"showSkybox":false,"showFlares":true,"showImageEffects":true,"showParticleSystems":true,"showVisualEffectGraphs":true,"m_FxEnabled":true},"in2DMode":false,"pivot":{"x":-0.8033926486968994,"y":1.6644006967544556,"z":-0.4354034960269928},"rotation":{"x":0.003863805904984474,"y":0.9627768993377686,"z":-0.2702038288116455,"w":0.014497611671686173},"size":2.0251362323760988,"orthographic":false}