{"cameraMode":{"drawMode":0,"name":"Shaded","section":"Shading Mode"},"sceneLighting":false,"audioPlay":false,"sceneViewState":{"m_AlwaysRefresh":false,"showFog":true,"showSkybox":false,"showFlares":true,"showImageEffects":true,"showParticleSystems":true,"showVisualEffectGraphs":true,"m_FxEnabled":true},"in2DMode":false,"pivot":{"x":-0.7985419631004334,"y":5.521604537963867,"z":29.655858993530275},"rotation":{"x":0.11663690209388733,"y":0.8219984769821167,"z":-0.18227742612361909,"w":0.5269212126731873},"size":0.000016797937860246748,"orthographic":false}