{"cameraMode":{"drawMode":0,"name":"Shaded","section":"Shading Mode"},"sceneLighting":false,"audioPlay":false,"sceneViewState":{"m_AlwaysRefresh":false,"showFog":true,"showSkybox":false,"showFlares":true,"showImageEffects":true,"showParticleSystems":true,"showVisualEffectGraphs":true,"m_FxEnabled":true},"in2DMode":false,"pivot":{"x":9.68070125579834,"y":1.2271087169647217,"z":27.046262741088868},"rotation":{"x":0.3144634962081909,"y":0.579519510269165,"z":-0.25834840536117556,"w":0.7061734795570374},"size":0.000016797937860246748,"orthographic":false}